6i0000D91008,D910,1,----,深圳北,19:50,----,01,True
6i0000D91008,,,20:22,广州南,20:25,3分钟,02,True
6i0000D91008,,,23:12,长沙南,23:18,6分钟,03,True
6i0000D91008,,,05:07,邢台东,05:09,2分钟,04,True
6i0000D91008,,,05:40,石家庄,05:44,4分钟,05,True
6i0000D91008,,,06:24,保定东,06:27,3分钟,06,True
6i0000D91008,,,07:13,北京西,07:13,----,07,True
77000000Z400,Z4,1,----,重庆北,15:08,----,01,True
77000000Z400,,,18:22,恩施,18:30,8分钟,02,True
77000000Z400,,,20:43,宜昌东,20:49,6分钟,03,True
77000000Z400,,,21:32,荆州,21:34,2分钟,04,True
77000000Z400,,,23:09,汉口,23:40,31分钟,05,True
77000000Z400,,,07:25,石家庄,07:30,5分钟,06,True
77000000Z400,,,08:40,保定,08:45,5分钟,07,True
77000000Z400,,,10:10,北京西,10:10,----,08,True
6c0000G31202,G312,1,----,广州南,06:30,----,01,True
6c0000G31202,,,07:21,韶关,07:23,2分钟,02,True
6c0000G31202,,,07:54,郴州西,07:56,2分钟,03,True
6c0000G31202,,,08:51,株洲西,08:53,2分钟,04,True
6c0000G31202,,,09:11,长沙南,09:14,3分钟,05,True
6c0000G31202,,,09:48,岳阳东,09:50,2分钟,06,True
6c0000G31202,,,10:11,赤壁北,10:13,2分钟,07,True
6c0000G31202,,,10:27,咸宁北,10:29,2分钟,08,True
6c0000G31202,,,10:54,武汉,10:57,3分钟,09,True
6c0000G31202,,,11:18,汉口,11:26,8分钟,10,True
6c0000G31202,,,12:00,天门南,12:02,2分钟,11,True
6c0000G31202,,,12:47,荆州,12:49,2分钟,12,True
6c0000G31202,,,13:21,宜昌东,13:27,6分钟,13,True
6c0000G31202,,,15:11,恩施,15:16,5分钟,14,True
6c0000G31202,,,15:50,利川,15:54,4分钟,15,True
6c0000G31202,,,17:37,重庆北,17:43,6分钟,16,True
6c0000G31202,,,18:08,合川,18:10,2分钟,17,True
6c0000G31202,,,19:06,大英东,19:08,2分钟,18,True
6c0000G31202,,,19:55,成都东,19:55,----,19,True
2400000G670A,G67,1,----,北京西,12:13,----,01,True
2400000G670A,,,12:54,保定东,12:57,3分钟,02,True
2400000G670A,,,13:24,正定机场,13:26,2分钟,03,True
2400000G670A,,,13:40,石家庄,13:42,2分钟,04,True
2400000G670A,,,14:10,邢台东,14:19,9分钟,05,True
2400000G670A,,,14:35,邯郸东,14:47,12分钟,06,True
2400000G670A,,,15:25,新乡东,15:27,2分钟,07,True
2400000G670A,,,15:48,郑州东,15:51,3分钟,08,True
2400000G670A,,,16:13,许昌东,16:15,2分钟,09,True
2400000G670A,,,16:31,漯河西,16:33,2分钟,10,True
2400000G670A,,,17:11,信阳东,17:13,2分钟,11,True
2400000G670A,,,17:59,武汉,18:03,4分钟,12,True
2400000G670A,,,18:53,岳阳东,18:55,2分钟,13,True
2400000G670A,,,19:29,长沙南,19:34,5分钟,14,True
2400000G670A,,,20:03,衡山西,20:05,2分钟,15,True
2400000G670A,,,20:46,郴州西,20:48,2分钟,16,True
2400000G670A,,,21:34,英德西,21:36,2分钟,17,True
2400000G670A,,,22:18,广州南,22:18,----,18,True
770000K59009,K590,2,----,重庆,22:00,----,01,True
770000K59009,,,01:58,渠县,02:04,6分钟,02,True
770000K59009,,,02:58,达州,03:14,16分钟,03,True
770000K59009,,,05:12,万源,05:15,3分钟,04,True
770000K59009,,,06:06,紫阳,06:08,2分钟,05,True
770000K59009,,,06:45,安康,06:53,8分钟,06,True
770000K59009,,,09:46,十堰,09:50,4分钟,07,True
770000K59009,,,10:09,武当山,10:12,3分钟,08,True
770000K59009,,,11:04,谷城,11:07,3分钟,09,True
770000K59009,,,12:10,襄阳,12:37,27分钟,10,True
770000K59009,,,13:36,邓州,13:39,3分钟,11,True
770000K59009,,,14:22,南阳,14:27,5分钟,12,True
770000K59009,,,15:13,南召,15:18,5分钟,13,True
770000K59009,,,16:06,平顶山西,16:11,5分钟,14,True
770000K59009,,,16:48,汝州,16:51,3分钟,15,True
770000K59009,,,17:49,关林,18:20,31分钟,16,True
770000K59009,,,19:29,济源,19:39,10分钟,17,True
770000K59009,,,20:47,焦作,20:52,5分钟,18,True
770000K59009,,,22:05,新乡,22:21,16分钟,19,True
770000K59009,,,23:00,鹤壁,23:02,2分钟,20,True
770000K59009,,,23:31,安阳,23:34,3分钟,21,True
770000K59009,,,00:09,邯郸,00:21,12分钟,22,True
770000K59009,,,00:52,邢台,00:56,4分钟,23,True
770000K59009,,,02:07,石家庄,02:13,6分钟,24,True
770000K59009,,,03:33,保定,03:37,4分钟,25,True
770000K59009,,,05:18,北京西,05:18,----,26,True
7700000T1006,T10,2,----,重庆北,10:38,----,01,True
7700000T1006,,,11:55,广安,12:01,6分钟,02,True
7700000T1006,,,12:28,渠县,12:33,5分钟,03,True
7700000T1006,,,13:27,达州,13:35,8分钟,04,True
7700000T1006,,,15:06,万源,15:08,2分钟,05,True
7700000T1006,,,16:33,安康,16:40,7分钟,06,True
7700000T1006,,,19:20,十堰,19:25,5分钟,07,True
7700000T1006,,,21:35,襄阳,21:54,19分钟,08,True
7700000T1006,,,04:10,郑州,04:31,21分钟,09,True
7700000T1006,,,07:17,邢台,07:22,5分钟,10,True
7700000T1006,,,08:25,石家庄,08:31,6分钟,11,True
7700000T1006,,,11:12,北京西,11:12,----,12,True
6300000Z3600,Z36,1,----,广州,16:25,----,01,True
6300000Z3600,,,23:42,长沙,23:48,6分钟,03,True
6300000Z3600,,,03:08,武昌,03:14,6分钟,04,True
6300000Z3600,,,07:50,郑州,07:58,8分钟,05,True
6300000Z3600,,,13:44,北京西,13:44,----,07,True
6i0000D9020C,D902,1,----,深圳北,19:40,----,01,True
6i0000D9020C,,,20:12,广州南,20:15,3分钟,02,True
6i0000D9020C,,,05:25,石家庄,05:28,3分钟,03,True
6i0000D9020C,,,06:22,高碑店东,06:24,2分钟,04,True
6i0000D9020C,,,06:56,北京西,06:56,----,05,True
2400000G6906,G69,1,----,北京西,13:05,----,01,True
2400000G6906,,,13:59,定州东,14:01,2分钟,02,True
2400000G6906,,,14:24,石家庄,14:28,4分钟,03,True
2400000G6906,,,15:07,邯郸东,15:16,9分钟,04,True
2400000G6906,,,15:33,安阳东,15:35,2分钟,05,True
2400000G6906,,,16:17,郑州东,16:20,3分钟,06,True
2400000G6906,,,17:06,驻马店西,17:08,2分钟,07,True
2400000G6906,,,18:12,武汉,18:15,3分钟,08,True
2400000G6906,,,19:34,长沙南,19:39,5分钟,09,True
2400000G6906,,,19:54,株洲西,19:56,2分钟,10,True
2400000G6906,,,20:23,衡阳东,20:25,2分钟,11,True
2400000G6906,,,21:24,韶关,21:26,2分钟,12,True
2400000G6906,,,22:23,广州南,22:23,----,13,True
240000K5890Q,K589,1,----,北京西,10:31,----,01,True
240000K5890Q,,,12:01,保定,12:05,4分钟,02,True
240000K5890Q,,,13:31,石家庄,13:37,6分钟,03,True
240000K5890Q,,,14:06,高邑,14:08,2分钟,04,True
240000K5890Q,,,14:45,邢台,15:01,16分钟,05,True
240000K5890Q,,,15:18,沙河市,15:22,4分钟,06,True
240000K5890Q,,,17:36,新乡,18:00,24分钟,07,True
240000K5890Q,,,18:50,焦作,18:56,6分钟,08,True
240000K5890Q,,,19:14,月山,19:17,3分钟,09,True
240000K5890Q,,,20:03,济源,20:05,2分钟,10,True
240000K5890Q,,,21:16,关林,21:50,34分钟,11,True
240000K5890Q,,,22:53,汝州,22:56,3分钟,12,True
240000K5890Q,,,23:30,平顶山西,23:34,4分钟,13,True
240000K5890Q,,,01:04,南阳,01:07,3分钟,14,True
240000K5890Q,,,02:52,襄阳,03:12,20分钟,15,True
240000K5890Q,,,05:12,十堰,05:18,6分钟,16,True
240000K5890Q,,,06:13,白河东,06:15,2分钟,17,True
240000K5890Q,,,07:50,安康,08:04,14分钟,18,True
240000K5890Q,,,10:59,宣汉,11:01,2分钟,19,True
240000K5890Q,,,11:45,达州,11:56,11分钟,20,True
240000K5890Q,,,12:54,渠县,13:03,9分钟,21,True
240000K5890Q,,,13:33,广安,13:36,3分钟,22,True
240000K5890Q,,,13:51,华蓥,13:53,2分钟,23,True
240000K5890Q,,,14:44,北碚,15:05,21分钟,24,True
240000K5890Q,,,17:09,重庆,17:09,----,25,True
6i00000G8007,G80,1,----,深圳北,11:31,----,01,True
6i00000G8007,,,11:48,虎门,11:50,2分钟,02,True
6i00000G8007,,,12:07,广州南,12:11,4分钟,03,True
6i00000G8007,,,12:35,清远,12:37,2分钟,04,True
6i00000G8007,,,13:09,韶关,13:11,2分钟,05,True
6i00000G8007,,,14:18,衡山西,14:20,2分钟,06,True
6i00000G8007,,,14:53,长沙南,14:56,3分钟,07,True
6i00000G8007,,,15:29,岳阳东,15:31,2分钟,08,True
6i00000G8007,,,16:01,咸宁北,16:03,2分钟,09,True
6i00000G8007,,,16:28,武汉,16:33,5分钟,10,True
6i00000G8007,,,17:16,信阳东,17:18,2分钟,11,True
6i00000G8007,,,18:07,许昌东,18:09,2分钟,12,True
6i00000G8007,,,18:32,郑州东,18:35,3分钟,13,True
6i00000G8007,,,18:55,新乡东,18:57,2分钟,14,True
6i00000G8007,,,19:23,安阳东,19:25,2分钟,15,True
6i00000G8007,,,19:42,邯郸东,19:44,2分钟,16,True
6i00000G8007,,,20:23,石家庄,20:27,4分钟,17,True
6i00000G8007,,,21:03,保定东,21:05,2分钟,18,True
6i00000G8007,,,21:46,北京西,21:46,----,19,True
2400000Z9501,Z95,2,----,北京西,18:06,----,01,True
2400000Z9501,,,20:30,石家庄,20:36,6分钟,02,True
2400000Z9501,,,23:59,郑州,00:06,7分钟,03,True
2400000Z9501,,,04:25,汉口,04:49,24分钟,04,True
2400000Z9501,,,06:57,宜昌东,07:07,10分钟,05,True
2400000Z9501,,,09:05,恩施,09:11,6分钟,06,True
2400000Z9501,,,11:03,万州,11:11,8分钟,07,True
2400000Z9501,,,12:17,梁平,12:23,6分钟,08,True
2400000Z9501,,,13:53,达州,14:03,10分钟,09,True
2400000Z9501,,,15:07,广安,15:15,8分钟,10,True
2400000Z9501,,,16:33,重庆北,16:33,----,11,True
760000K83500,K835,2,----,巴中,17:07,----,01,True
760000K83500,,,17:49,平昌,17:53,4分钟,02,True
760000K83500,,,19:07,达州,19:31,24分钟,03,True
760000K83500,,,20:22,渠县,20:33,11分钟,04,True
760000K83500,,,21:05,广安,21:13,8分钟,05,True
760000K83500,,,22:58,重庆北,23:23,25分钟,06,True
760000K83500,,,05:10,秀山,05:16,6分钟,07,True
760000K83500,,,05:45,松桃,05:48,3分钟,08,True
760000K83500,,,06:29,铜仁,06:35,6分钟,09,True
760000K83500,,,08:05,怀化,08:25,20分钟,10,True
760000K83500,,,11:14,靖州,11:21,7分钟,11,True
760000K83500,,,11:54,通道,11:57,3分钟,12,True
760000K83500,,,12:29,牙屯堡,12:31,2分钟,13,True
760000K83500,,,13:03,三江县,13:09,6分钟,14,True
760000K83500,,,14:44,融水,14:49,5分钟,15,True
760000K83500,,,16:44,柳州,16:51,7分钟,16,True
760000K83500,,,17:41,来宾,17:46,5分钟,17,True
760000K83500,,,19:14,贵港,19:19,5分钟,18,True
760000K83500,,,20:29,玉林,20:44,15分钟,19,True
760000K83500,,,23:33,茂名西,23:39,6分钟,20,True
760000K83500,,,23:52,茂名,00:06,14分钟,21,True
760000K83500,,,03:14,肇庆,03:26,12分钟,22,True
760000K83500,,,04:46,佛山,04:54,8分钟,23,True
760000K83500,,,05:20,广州,05:36,16分钟,24,True
760000K83500,,,06:28,东莞,06:31,3分钟,25,True
760000K83500,,,08:10,深圳西,08:10,----,26,True
6c00000G7008,G70,2,----,广州南,12:50,----,01,True
6c00000G7008,,,13:41,韶关,13:43,2分钟,02,True
6c00000G7008,,,14:14,郴州西,14:16,2分钟,03,True
6c00000G7008,,,14:57,衡山西,14:59,2分钟,04,True
6c00000G7008,,,15:34,长沙南,15:38,4分钟,05,True
6c00000G7008,,,16:11,岳阳东,16:13,2分钟,06,True
6c00000G7008,,,17:04,武汉,17:07,3分钟,07,True
6c00000G7008,,,17:50,信阳东,17:52,2分钟,08,True
6c00000G7008,,,18:05,明港东,18:07,2分钟,09,True
6c00000G7008,,,19:06,郑州东,19:11,5分钟,10,True
6c00000G7008,,,19:54,安阳东,19:56,2分钟,11,True
6c00000G7008,,,20:13,邯郸东,20:15,2分钟,12,True
6c00000G7008,,,20:55,石家庄,21:00,5分钟,13,True
6c00000G7008,,,21:36,保定东,21:38,2分钟,14,True
6c00000G7008,,,21:59,涿州东,22:01,2分钟,15,True
6c00000G7008,,,22:27,北京西,22:27,----,16,True
770000K35804,K358,2,----,重庆北,23:20,----,01,True
770000K35804,,,00:37,广安,00:42,5分钟,02,True
770000K35804,,,01:10,渠县,01:14,4分钟,03,True
770000K35804,,,01:59,达州,02:08,9分钟,04,True
770000K35804,,,04:47,万州,04:57,10分钟,05,True
770000K35804,,,06:15,利川,06:20,5分钟,06,True
770000K35804,,,07:06,恩施,07:20,14分钟,07,True
770000K35804,,,08:31,巴东,08:34,3分钟,08,True
770000K35804,,,09:50,宜昌东,10:10,20分钟,09,True
770000K35804,,,10:51,当阳,10:54,3分钟,10,True
770000K35804,,,11:34,荆门,11:48,14分钟,11,True
770000K35804,,,12:26,钟祥,12:30,4分钟,12,True
770000K35804,,,13:13,京山,13:24,11分钟,13,True
770000K35804,,,13:45,天门,13:51,6分钟,14,True
770000K35804,,,15:33,武昌,15:58,25分钟,15,True
770000K35804,,,16:45,咸宁,16:50,5分钟,16,True
770000K35804,,,18:36,岳阳,18:40,4分钟,17,True
770000K35804,,,20:07,长沙,20:17,10分钟,18,True
770000K35804,,,21:01,株洲,21:08,7分钟,19,True
770000K35804,,,22:33,衡阳,22:42,9分钟,20,True
770000K35804,,,00:23,郴州,00:29,6分钟,21,True
770000K35804,,,05:12,广州,05:12,----,22,True
2400000Z490D,Z49,1,----,北京西,11:28,----,01,True
2400000Z490D,,,12:43,保定,12:45,2分钟,02,True
2400000Z490D,,,14:00,石家庄,14:04,4分钟,03,True
2400000Z490D,,,17:27,郑州,17:36,9分钟,04,True
2400000Z490D,,,21:55,汉口,22:19,24分钟,05,True
2400000Z490D,,,00:27,宜昌东,00:37,10分钟,06,True
2400000Z490D,,,02:35,恩施,02:41,6分钟,07,True
2400000Z490D,,,05:32,重庆北,05:45,13分钟,08,True
2400000Z490D,,,07:10,遂宁,07:20,10分钟,09,True
2400000Z490D,,,08:39,成都,08:39,----,10,True
670000K68802,K688,1,----,汕头,08:08,----,01,True
670000K68802,,,08:38,潮州,08:44,6分钟,02,True
670000K68802,,,09:04,揭阳,09:09,5分钟,03,True
670000K68802,,,09:31,丰顺,09:35,4分钟,04,True
670000K68802,,,10:40,兴宁,10:45,5分钟,06,True
670000K68802,,,11:38,龙川,11:51,13分钟,07,True
670000K68802,,,12:47,河源,12:51,4分钟,08,True
670000K68802,,,13:45,惠州,13:50,5分钟,09,True
670000K68802,,,14:35,东莞东,14:41,6分钟,10,True
670000K68802,,,15:52,广州,16:10,18分钟,12,True
670000K68802,,,18:28,韶关东,18:32,4分钟,13,True
670000K68802,,,20:22,郴州,20:24,2分钟,15,True
670000K68802,,,22:08,衡阳,22:12,4分钟,16,True
670000K68802,,,23:36,株洲,23:42,6分钟,17,True
670000K68802,,,01:11,娄底,01:17,6分钟,18,True
670000K68802,,,05:14,怀化,05:31,17分钟,19,True
670000K68802,,,06:33,铜仁,06:48,15分钟,20,True
670000K68802,,,08:17,秀山,08:23,6分钟,21,True
670000K68802,,,09:49,黔江,09:55,6分钟,22,True
670000K68802,,,11:29,武隆,11:35,6分钟,23,True
670000K68802,,,12:23,涪陵,12:29,6分钟,24,True
670000K68802,,,13:49,重庆北,13:49,----,25,True
24000K775402,K7754,1,----,承德,21:34,----,01,True
24000K775402,,,23:06,鹰手营子,23:09,3分钟,02,True
24000K775402,,,23:37,兴隆县,23:40,3分钟,03,True
24000K775402,,,02:14,怀柔,02:22,8分钟,04,True
24000K775402,,,02:55,顺义,03:01,6分钟,05,True
24000K775402,,,03:50,北京,04:20,30分钟,06,True
24000K775402,,,04:36,北京西,04:44,8分钟,07,True
24000K775402,,,05:28,涿州,06:06,38分钟,08,True
24000K775402,,,06:20,高碑店,06:34,14分钟,09,True
24000K775402,,,07:12,保定,07:18,6分钟,10,True
24000K775402,,,07:55,定州,07:57,2分钟,11,True
24000K775402,,,08:36,正定,08:38,2分钟,12,True
24000K775402,,,08:55,石家庄,08:55,----,13,True
780000K5080J,K508,2,----,贵阳,21:52,----,01,True
780000K5080J,,,01:18,遵义,01:26,8分钟,02,True
780000K5080J,,,02:57,桐梓,03:02,5分钟,03,True
780000K5080J,,,05:50,綦江,05:57,7分钟,04,True
780000K5080J,,,07:25,重庆,07:58,33分钟,05,True
780000K5080J,,,09:43,北碚,09:46,3分钟,06,True
780000K5080J,,,10:51,广安,10:54,3分钟,07,True
780000K5080J,,,11:21,渠县,11:25,4分钟,08,True
780000K5080J,,,12:08,达州,12:21,13分钟,09,True
780000K5080J,,,13:01,宣汉,13:03,2分钟,10,True
780000K5080J,,,13:59,万源,14:01,2分钟,11,True
780000K5080J,,,14:52,紫阳,14:54,2分钟,12,True
780000K5080J,,,15:31,安康,15:46,15分钟,13,True
780000K5080J,,,18:38,十堰,18:48,10分钟,14,True
780000K5080J,,,19:06,武当山,19:14,8分钟,15,True
780000K5080J,,,21:11,襄阳,21:30,19分钟,16,True
780000K5080J,,,22:34,邓州,22:37,3分钟,17,True
780000K5080J,,,00:02,南召,00:16,14分钟,18,True
780000K5080J,,,01:41,汝州,01:49,8分钟,19,True
780000K5080J,,,04:58,郑州,05:16,18分钟,20,True
780000K5080J,,,06:14,新乡,06:27,13分钟,21,True
780000K5080J,,,07:06,鹤壁,07:10,4分钟,22,True
780000K5080J,,,07:25,汤阴,07:42,17分钟,23,True
780000K5080J,,,07:59,安阳,08:02,3分钟,24,True
780000K5080J,,,09:15,邢台,09:26,11分钟,25,True
780000K5080J,,,10:38,石家庄,10:50,12分钟,26,True
780000K5080J,,,11:06,正定,11:32,26分钟,27,True
780000K5080J,,,12:06,定州,12:11,5分钟,28,True
780000K5080J,,,12:48,保定,12:52,4分钟,29,True
780000K5080J,,,13:10,徐水,13:27,17分钟,30,True
780000K5080J,,,13:50,高碑店,13:52,2分钟,31,True
780000K5080J,,,14:10,涿州,14:29,19分钟,32,True
780000K5080J,,,15:22,北京西,15:22,----,33,True
630000K6000D,K600,1,----,广州,15:02,----,01,True
630000K6000D,,,17:20,韶关东,17:25,5分钟,02,True
630000K6000D,,,19:04,郴州,19:07,3分钟,03,True
630000K6000D,,,20:52,衡阳,20:55,3分钟,04,True
630000K6000D,,,22:18,株洲,22:24,6分钟,05,True
630000K6000D,,,23:17,长沙,23:27,10分钟,06,True
630000K6000D,,,00:51,岳阳,00:54,3分钟,07,True
630000K6000D,,,03:29,武昌,03:47,18分钟,08,True
630000K6000D,,,04:50,孝感,05:00,10分钟,09,True
630000K6000D,,,06:52,信阳,06:55,3分钟,10,True
630000K6000D,,,08:09,驻马店,08:12,3分钟,11,True
630000K6000D,,,08:25,遂平,08:27,2分钟,12,True
630000K6000D,,,08:44,西平,08:46,2分钟,13,True
630000K6000D,,,09:05,漯河,09:08,3分钟,14,True
630000K6000D,,,09:39,临颍,10:17,38分钟,15,True
630000K6000D,,,10:35,许昌,10:39,4分钟,16,True
630000K6000D,,,11:36,郑州,11:51,15分钟,17,True
630000K6000D,,,12:54,新乡,12:58,4分钟,18,True
630000K6000D,,,13:37,鹤壁,13:49,12分钟,19,True
630000K6000D,,,14:04,汤阴,14:09,5分钟,20,True
630000K6000D,,,14:27,安阳,14:29,2分钟,21,True
630000K6000D,,,15:06,邯郸,15:10,4分钟,22,True
630000K6000D,,,15:41,邢台,15:44,3分钟,23,True
630000K6000D,,,17:16,石家庄,17:26,10分钟,24,True
630000K6000D,,,18:13,定州,18:15,2分钟,25,True
630000K6000D,,,19:05,保定,19:09,4分钟,26,True
630000K6000D,,,19:26,徐水,19:28,2分钟,27,True
630000K6000D,,,19:51,高碑店,19:53,2分钟,28,True
630000K6000D,,,21:00,北京西,21:26,26分钟,29,True
630000K6000D,,,23:35,沙城,23:38,3分钟,30,True
630000K6000D,,,00:45,张家口南,00:51,6分钟,31,True
630000K6000D,,,03:30,大同,03:46,16分钟,32,True
630000K6000D,,,05:25,集宁南,05:31,6分钟,33,True
630000K6000D,,,06:52,呼和浩特东,07:03,11分钟,34,True
630000K6000D,,,07:13,呼和浩特,07:21,8分钟,35,True
630000K6000D,,,08:48,包头东,08:51,3分钟,36,True
630000K6000D,,,09:08,包头,09:08,----,37,True
6b0000Z20202,Z202,1,----,三亚,17:16,----,01,True
6b0000Z20202,,,18:49,东方,18:55,6分钟,02,True
6b0000Z20202,,,21:15,海口,21:35,20分钟,03,True
6b0000Z20202,,,02:16,湛江西,02:20,4分钟,05,True
6b0000Z20202,,,03:39,茂名,03:47,8分钟,06,True
6b0000Z20202,,,06:35,肇庆,06:40,5分钟,07,True
6b0000Z20202,,,07:57,佛山,08:05,8分钟,08,True
6b0000Z20202,,,08:30,广州,08:50,20分钟,09,True
6b0000Z20202,,,11:07,韶关东,11:13,6分钟,10,True
6b0000Z20202,,,12:47,郴州,12:50,3分钟,11,True
6b0000Z20202,,,16:24,长沙,16:30,6分钟,12,True
6b0000Z20202,,,19:57,武昌,20:03,6分钟,13,True
6b0000Z20202,,,00:40,郑州,00:46,6分钟,14,True
6b0000Z20202,,,04:06,石家庄,04:10,4分钟,15,True
6b0000Z20202,,,06:40,北京西,06:40,----,16,True
240000Z2010A,Z201,1,----,北京西,17:54,----,01,True
240000Z2010A,,,20:18,石家庄,20:24,6分钟,02,True
240000Z2010A,,,23:47,郑州,23:53,6分钟,03,True
240000Z2010A,,,04:27,武昌,04:33,6分钟,04,True
240000Z2010A,,,06:31,岳阳,06:34,3分钟,05,True
240000Z2010A,,,07:55,长沙,08:07,12分钟,06,True
240000Z2010A,,,11:36,郴州,11:39,3分钟,07,True
240000Z2010A,,,13:16,韶关东,13:20,4分钟,08,True
240000Z2010A,,,15:42,广州,16:02,20分钟,09,True
240000Z2010A,,,16:25,佛山,16:33,8分钟,10,True
240000Z2010A,,,17:38,肇庆,17:41,3分钟,11,True
240000Z2010A,,,20:25,茂名,20:31,6分钟,12,True
240000Z2010A,,,21:52,湛江西,21:55,3分钟,13,True
240000Z2010A,,,00:21,徐闻,00:26,5分钟,14,True
240000Z2010A,,,04:34,海口,04:54,20分钟,15,True
240000Z2010A,,,06:58,东方,07:04,6分钟,16,True
240000Z2010A,,,08:50,三亚,08:50,----,17,True
770000K8130D,K813,2,----,达州,17:38,----,01,True
770000K8130D,,,18:25,渠县,18:30,5分钟,02,True
770000K8130D,,,19:00,广安,19:05,5分钟,03,True
770000K8130D,,,19:20,华蓥,19:23,3分钟,04,True
770000K8130D,,,20:30,重庆北,20:56,26分钟,05,True
770000K8130D,,,22:06,涪陵,22:12,6分钟,06,True
770000K8130D,,,22:56,武隆,23:11,15分钟,07,True
770000K8130D,,,00:34,黔江,00:41,7分钟,08,True
770000K8130D,,,02:32,秀山,02:38,6分钟,09,True
770000K8130D,,,03:45,铜仁,03:51,6分钟,10,True
770000K8130D,,,04:52,怀化,05:07,15分钟,11,True
770000K8130D,,,08:59,娄底,09:05,6分钟,12,True
770000K8130D,,,09:45,湘乡,09:47,2分钟,13,True
770000K8130D,,,10:18,湘潭,10:21,3分钟,14,True
770000K8130D,,,11:04,株洲,11:10,6分钟,15,True
770000K8130D,,,12:02,衡山,12:11,9分钟,16,True
770000K8130D,,,12:48,衡阳,12:57,9分钟,17,True
770000K8130D,,,14:38,郴州,14:41,3分钟,18,True
770000K8130D,,,16:19,韶关东,16:25,6分钟,19,True
770000K8130D,,,18:50,广州,19:05,15分钟,20,True
770000K8130D,,,19:29,佛山,19:35,6分钟,21,True
770000K8130D,,,21:12,肇庆,21:12,----,22,True
2400000G650B,G65,1,----,北京西,10:33,----,01,True
2400000G650B,,,11:14,保定东,11:16,2分钟,02,True
2400000G650B,,,11:34,定州东,11:36,2分钟,03,True
2400000G650B,,,11:59,石家庄,12:02,3分钟,04,True
2400000G650B,,,12:30,邢台东,12:36,6分钟,05,True
2400000G650B,,,13:04,安阳东,13:06,2分钟,06,True
2400000G650B,,,13:48,郑州东,13:51,3分钟,07,True
2400000G650B,,,14:13,许昌东,14:15,2分钟,08,True
2400000G650B,,,15:04,信阳东,15:08,4分钟,09,True
2400000G650B,,,15:52,武汉,15:55,3分钟,10,True
2400000G650B,,,16:19,咸宁北,16:21,2分钟,11,True
2400000G650B,,,16:51,岳阳东,16:53,2分钟,12,True
2400000G650B,,,17:27,长沙南,17:31,4分钟,13,True
2400000G650B,,,18:00,衡山西,18:02,2分钟,14,True
2400000G650B,,,18:44,郴州西,18:46,2分钟,15,True
2400000G650B,,,19:44,清远,19:46,2分钟,16,True
2400000G650B,,,20:16,广州南,20:16,----,17,True
630000K1920N,K192,1,----,广州,15:08,----,01,True
630000K1920N,,,17:27,韶关东,17:33,6分钟,02,True
630000K1920N,,,19:12,郴州,19:17,5分钟,03,True
630000K1920N,,,21:02,衡阳,21:19,17分钟,04,True
630000K1920N,,,22:44,株洲,22:50,6分钟,05,True
630000K1920N,,,00:21,娄底,00:27,6分钟,06,True
630000K1920N,,,04:41,怀化,05:01,20分钟,07,True
630000K1920N,,,06:03,铜仁,06:09,6分钟,08,True
630000K1920N,,,07:00,松桃,07:04,4分钟,09,True
630000K1920N,,,08:34,秀山,08:40,6分钟,10,True
630000K1920N,,,10:16,黔江,10:25,9分钟,11,True
630000K1920N,,,13:13,涪陵,13:19,6分钟,12,True
630000K1920N,,,15:12,重庆北,15:56,44分钟,13,True
630000K1920N,,,16:35,合川,16:39,4分钟,14,True
630000K1920N,,,20:21,成都,20:21,----,15,True
690000K5860E,K586,2,----,深圳西,09:00,----,01,True
690000K5860E,,,11:25,广州,11:40,15分钟,02,True
690000K5860E,,,12:04,佛山,12:09,5分钟,03,True
690000K5860E,,,13:50,肇庆,13:58,8分钟,04,True
690000K5860E,,,15:34,阳春,15:37,3分钟,05,True
690000K5860E,,,18:01,茂名西,18:07,6分钟,06,True
690000K5860E,,,18:29,化州,18:36,7分钟,07,True
690000K5860E,,,19:14,河唇,19:17,3分钟,08,True
690000K5860E,,,20:38,玉林,20:52,14分钟,09,True
690000K5860E,,,21:53,贵港,21:58,5分钟,10,True
690000K5860E,,,23:27,来宾,23:32,5分钟,11,True
690000K5860E,,,00:24,柳州,00:31,7分钟,12,True
690000K5860E,,,05:31,通道,05:37,6分钟,13,True
690000K5860E,,,06:06,靖州,06:11,5分钟,14,True
690000K5860E,,,06:45,会同,06:48,3分钟,15,True
690000K5860E,,,08:20,怀化,08:38,18分钟,16,True
690000K5860E,,,09:40,铜仁,09:50,10分钟,17,True
690000K5860E,,,11:19,秀山,11:25,6分钟,18,True
690000K5860E,,,11:55,酉阳,11:59,4分钟,19,True
690000K5860E,,,13:03,黔江,13:09,6分钟,20,True
690000K5860E,,,17:22,重庆北,17:57,35分钟,22,True
690000K5860E,,,19:46,遂宁,20:09,23分钟,23,True
690000K5860E,,,22:45,成都,22:45,----,24,True
6i0000D92808,D928,1,----,深圳北,19:55,----,01,True
6i0000D92808,,,20:27,广州南,20:30,3分钟,02,True
6i0000D92808,,,23:17,长沙南,23:23,6分钟,03,True
6i0000D92808,,,04:59,邯郸东,05:01,2分钟,04,True
6i0000D92808,,,05:45,石家庄,05:50,5分钟,05,True
6i0000D92808,,,06:14,定州东,06:16,2分钟,06,True
6i0000D92808,,,07:18,北京西,07:18,----,07,True
6i0000D9040C,D904,1,----,深圳北,19:45,----,01,True
6i0000D9040C,,,20:17,广州南,20:20,3分钟,02,True
6i0000D9040C,,,23:07,长沙南,23:13,6分钟,03,True
6i0000D9040C,,,05:30,石家庄,05:33,3分钟,04,True
6i0000D9040C,,,06:13,保定东,06:15,2分钟,05,True
6i0000D9040C,,,07:01,北京西,07:01,----,06,True
6c00000G6604,G66,2,----,广州南,10:00,----,01,True
6c00000G6604,,,12:17,长沙南,12:20,3分钟,02,True
6c00000G6604,,,13:38,武汉,13:41,3分钟,03,True
6c00000G6604,,,15:26,郑州东,15:29,3分钟,04,True
6c00000G6604,,,16:50,石家庄,16:53,3分钟,05,True
6c00000G6604,,,18:00,北京西,18:00,----,06,True
760000G31403,G314,2,----,成都东,09:17,----,01,True
760000G31403,,,10:38,潼南,10:41,3分钟,02,True
760000G31403,,,11:06,合川,11:08,2分钟,03,True
760000G31403,,,11:33,重庆北,11:46,13分钟,04,True
760000G31403,,,13:27,利川,13:29,2分钟,05,True
760000G31403,,,14:01,恩施,14:06,5分钟,06,True
760000G31403,,,15:50,宜昌东,15:58,8分钟,07,True
760000G31403,,,16:16,枝江北,16:18,2分钟,08,True
760000G31403,,,16:37,荆州,16:40,3分钟,09,True
760000G31403,,,17:13,仙桃西,17:15,2分钟,10,True
760000G31403,,,17:28,天门南,17:30,2分钟,11,True
760000G31403,,,17:46,汉川,17:48,2分钟,12,True
760000G31403,,,18:14,汉口,18:22,8分钟,13,True
760000G31403,,,18:47,武汉,18:54,7分钟,14,True
760000G31403,,,19:18,咸宁北,19:25,7分钟,15,True
760000G31403,,,19:39,赤壁北,19:41,2分钟,16,True
760000G31403,,,20:02,岳阳东,20:04,2分钟,17,True
760000G31403,,,20:24,汨罗东,20:26,2分钟,18,True
760000G31403,,,20:45,长沙南,20:48,3分钟,19,True
760000G31403,,,21:03,株洲西,21:05,2分钟,20,True
760000G31403,,,21:32,衡阳东,21:34,2分钟,21,True
760000G31403,,,22:07,郴州西,22:09,2分钟,22,True
760000G31403,,,22:40,韶关,22:42,2分钟,23,True
760000G31403,,,23:39,广州南,23:39,----,24,True
76000G131803,G1318,2,----,成都东,07:55,----,01,True
76000G131803,,,08:41,大英东,08:43,2分钟,02,True
76000G131803,,,09:39,合川,09:41,2分钟,03,True
76000G131803,,,10:06,重庆北,10:12,6分钟,04,True
76000G131803,,,10:49,涪陵北,10:51,2分钟,05,True
76000G131803,,,11:26,石柱县,11:28,2分钟,06,True
76000G131803,,,12:05,利川,12:07,2分钟,07,True
76000G131803,,,12:39,恩施,12:43,4分钟,08,True
76000G131803,,,13:05,建始,13:07,2分钟,09,True
76000G131803,,,14:33,宜昌东,14:38,5分钟,10,True
76000G131803,,,15:12,荆州,15:15,3分钟,11,True
76000G131803,,,15:42,潜江,15:44,2分钟,12,True
76000G131803,,,16:06,天门南,16:08,2分钟,13,True
76000G131803,,,16:46,汉口,17:02,16分钟,14,True
76000G131803,,,17:23,武汉,17:29,6分钟,15,True
76000G131803,,,17:53,咸宁北,17:55,2分钟,16,True
76000G131803,,,18:26,岳阳东,18:28,2分钟,17,True
76000G131803,,,19:01,长沙南,19:05,4分钟,18,True
76000G131803,,,19:20,株洲西,19:22,2分钟,19,True
76000G131803,,,20:17,郴州西,20:19,2分钟,20,True
76000G131803,,,20:51,韶关,20:53,2分钟,21,True
76000G131803,,,21:50,广州南,21:50,----,22,True
240000D92707,D927,1,----,北京西,20:25,----,01,True
240000D92707,,,21:10,保定东,21:12,2分钟,02,True
240000D92707,,,21:53,石家庄,21:56,3分钟,03,True
240000D92707,,,23:37,郑州东,23:42,5分钟,04,True
240000D92707,,,06:48,广州南,06:53,5分钟,05,True
240000D92707,,,07:25,深圳北,07:25,----,06,True
6i000G131202,G1312,1,----,深圳北,07:37,----,01,True
6i000G131202,,,08:06,广州南,08:10,4分钟,02,True
6i000G131202,,,09:01,韶关,09:04,3分钟,03,True
6i000G131202,,,09:35,郴州西,09:37,2分钟,04,True
6i000G131202,,,10:18,衡山西,10:20,2分钟,05,True
6i000G131202,,,10:53,长沙南,10:57,4分钟,06,True
6i000G131202,,,12:19,武汉,12:29,10分钟,07,True
6i000G131202,,,12:50,汉口,13:00,10分钟,08,True
6i000G131202,,,13:23,汉川,13:25,2分钟,09,True
6i000G131202,,,13:40,天门南,13:42,2分钟,10,True
6i000G131202,,,14:02,潜江,14:04,2分钟,11,True
6i000G131202,,,14:30,荆州,14:32,2分钟,12,True
6i000G131202,,,15:05,宜昌东,15:09,4分钟,13,True
6i000G131202,,,16:36,建始,16:38,2分钟,14,True
6i000G131202,,,17:01,恩施,17:05,4分钟,15,True
6i000G131202,,,17:39,利川,17:41,2分钟,16,True
6i000G131202,,,18:59,长寿北,19:03,4分钟,17,True
6i000G131202,,,19:33,重庆北,19:33,----,18,True
77000G131403,G1314,2,----,重庆北,07:49,----,01,True
77000G131403,,,08:18,长寿北,08:20,2分钟,02,True
77000G131403,,,08:47,丰都,08:49,2分钟,03,True
77000G131403,,,09:42,利川,09:44,2分钟,04,True
77000G131403,,,10:16,恩施,10:20,4分钟,05,True
77000G131403,,,10:42,建始,10:44,2分钟,06,True
77000G131403,,,12:10,宜昌东,12:15,5分钟,07,True
77000G131403,,,12:53,荆州,12:55,2分钟,08,True
77000G131403,,,13:23,潜江,13:25,2分钟,09,True
77000G131403,,,13:47,天门南,13:49,2分钟,10,True
77000G131403,,,14:05,汉川,14:07,2分钟,11,True
77000G131403,,,14:35,汉口,14:47,12分钟,12,True
77000G131403,,,15:11,武汉,15:15,4分钟,13,True
77000G131403,,,15:39,咸宁北,15:52,13分钟,14,True
77000G131403,,,16:37,汨罗东,16:39,2分钟,15,True
77000G131403,,,16:58,长沙南,17:01,3分钟,16,True
77000G131403,,,17:38,衡阳东,17:40,2分钟,17,True
77000G131403,,,18:13,郴州西,18:15,2分钟,18,True
77000G131403,,,18:46,韶关,18:48,2分钟,19,True
77000G131403,,,19:45,广州南,19:49,4分钟,20,True
77000G131403,,,20:06,虎门,20:08,2分钟,21,True
77000G131403,,,20:25,深圳北,20:25,----,22,True
6c00000G6809,G68,2,----,广州南,11:15,----,01,True
6c00000G6809,,,12:06,韶关,12:08,2分钟,02,True
6c00000G6809,,,12:55,耒阳西,12:57,2分钟,03,True
6c00000G6809,,,13:36,株洲西,13:38,2分钟,04,True
6c00000G6809,,,13:57,长沙南,14:01,4分钟,05,True
6c00000G6809,,,14:34,岳阳东,14:36,2分钟,06,True
6c00000G6809,,,15:28,武汉,15:35,7分钟,07,True
6c00000G6809,,,16:18,信阳东,16:20,2分钟,08,True
6c00000G6809,,,16:45,驻马店西,16:47,2分钟,09,True
6c00000G6809,,,17:05,漯河西,17:07,2分钟,10,True
6c00000G6809,,,17:41,郑州东,17:53,12分钟,11,True
6c00000G6809,,,18:24,鹤壁东,18:26,2分钟,12,True
6c00000G6809,,,18:41,安阳东,18:43,2分钟,13,True
6c00000G6809,,,19:24,高邑西,19:26,2分钟,14,True
6c00000G6809,,,19:41,石家庄,19:44,3分钟,15,True
6c00000G6809,,,20:56,北京西,20:56,----,16,True
240000D92310,D923,1,----,北京西,20:35,----,01,True
240000D92310,,,21:20,保定东,21:22,2分钟,02,True
240000D92310,,,22:03,石家庄,22:06,3分钟,03,True
240000D92310,,,23:47,郑州东,23:52,5分钟,04,True
240000D92310,,,06:43,广州南,06:52,9分钟,05,True
240000D92310,,,07:50,珠海,07:50,----,06,True
240000G30905,G309,1,----,北京西,09:32,----,01,True
240000G30905,,,09:57,涿州东,09:59,2分钟,02,True
240000G30905,,,10:51,石家庄,10:55,4分钟,03,True
240000G30905,,,11:23,邢台东,11:35,12分钟,04,True
240000G30905,,,11:51,邯郸东,11:53,2分钟,05,True
240000G30905,,,12:10,安阳东,12:12,2分钟,06,True
240000G30905,,,12:38,新乡东,12:40,2分钟,07,True
240000G30905,,,13:02,郑州东,13:08,6分钟,08,True
240000G30905,,,13:56,驻马店西,13:58,2分钟,09,True
240000G30905,,,14:23,信阳东,14:25,2分钟,10,True
240000G30905,,,15:17,汉口,15:28,11分钟,11,True
240000G30905,,,16:18,潜江,16:20,2分钟,12,True
240000G30905,,,16:47,荆州,16:49,2分钟,13,True
240000G30905,,,17:22,宜昌东,17:27,5分钟,14,True
240000G30905,,,19:14,恩施,19:21,7分钟,15,True
240000G30905,,,20:30,石柱县,20:32,2分钟,16,True
240000G30905,,,21:07,涪陵北,21:09,2分钟,17,True
240000G30905,,,21:46,重庆北,21:46,----,18,True
760000K5880D,K588,2,----,成都,17:52,----,01,True
760000K5880D,,,19:25,遂宁,19:49,24分钟,02,True
760000K5880D,,,20:42,潼南,20:46,4分钟,03,True
760000K5880D,,,21:54,重庆北,22:20,26分钟,04,True
760000K5880D,,,23:30,涪陵,23:36,6分钟,05,True
760000K5880D,,,03:50,秀山,03:56,6分钟,06,True
760000K5880D,,,05:03,铜仁,05:22,19分钟,07,True
760000K5880D,,,06:46,怀化,07:01,15分钟,08,True
760000K5880D,,,08:48,会同,08:54,6分钟,09,True
760000K5880D,,,09:29,靖州,09:35,6分钟,10,True
760000K5880D,,,10:24,通道,10:28,4分钟,11,True
760000K5880D,,,13:08,融安,13:14,6分钟,12,True
760000K5880D,,,15:44,柳州,15:51,7分钟,13,True
760000K5880D,,,17:02,来宾,17:07,5分钟,14,True
760000K5880D,,,19:42,玉林,19:57,15分钟,15,True
760000K5880D,,,21:43,河唇,21:50,7分钟,16,True
760000K5880D,,,22:29,化州,22:34,5分钟,17,True
760000K5880D,,,22:56,茂名西,23:02,6分钟,18,True
760000K5880D,,,02:58,肇庆,03:02,4分钟,19,True
760000K5880D,,,04:25,佛山,04:32,7分钟,20,True
760000K5880D,,,05:04,广州,05:20,16分钟,21,True
760000K5880D,,,07:34,深圳西,07:34,----,22,True
630000K7760E,K776,1,----,广州,12:50,----,01,True
630000K7760E,,,13:12,广州北,13:14,2分钟,02,True
630000K7760E,,,14:16,英德,14:18,2分钟,03,True
630000K7760E,,,15:19,韶关东,15:25,6分钟,04,True
630000K7760E,,,16:22,坪石,16:24,2分钟,05,True
630000K7760E,,,17:08,郴州,17:11,3分钟,06,True
630000K7760E,,,18:57,衡阳,19:03,6分钟,07,True
630000K7760E,,,20:53,株洲,21:00,7分钟,08,True
630000K7760E,,,21:25,湘潭,21:28,3分钟,09,True
630000K7760E,,,22:41,娄底,22:47,6分钟,10,True
630000K7760E,,,02:49,怀化,03:05,16分钟,11,True
630000K7760E,,,04:33,铜仁,04:41,8分钟,12,True
630000K7760E,,,06:38,秀山,06:44,6分钟,13,True
630000K7760E,,,07:19,酉阳,07:25,6分钟,14,True
630000K7760E,,,08:29,黔江,08:35,6分钟,15,True
630000K7760E,,,11:54,重庆北,11:54,----,16,True
770000K6870A,K687,2,----,重庆北,15:15,----,01,True
770000K6870A,,,16:25,涪陵,16:32,7分钟,02,True
770000K6870A,,,18:53,黔江,18:59,6分钟,03,True
770000K6870A,,,20:12,酉阳,20:19,7分钟,04,True
770000K6870A,,,20:50,秀山,20:56,6分钟,05,True
770000K6870A,,,22:03,铜仁,22:09,6分钟,06,True
770000K6870A,,,23:10,怀化,23:26,16分钟,07,True
770000K6870A,,,00:41,溆浦,00:44,3分钟,08,True
770000K6870A,,,03:25,娄底,03:31,6分钟,09,True
770000K6870A,,,05:18,株洲,05:28,10分钟,10,True
770000K6870A,,,06:53,衡阳,06:56,3分钟,11,True
770000K6870A,,,08:37,郴州,08:40,3分钟,12,True
770000K6870A,,,10:19,韶关东,10:25,6分钟,13,True
770000K6870A,,,12:58,广州,13:15,17分钟,14,True
770000K6870A,,,14:24,东莞东,14:30,6分钟,15,True
770000K6870A,,,15:13,惠州,15:18,5分钟,16,True
770000K6870A,,,16:11,河源,16:14,3分钟,17,True
770000K6870A,,,17:11,龙川,17:26,15分钟,18,True
770000K6870A,,,18:19,兴宁,18:23,4分钟,19,True
770000K6870A,,,19:45,丰顺,19:49,4分钟,20,True
770000K6870A,,,20:11,揭阳,20:16,5分钟,21,True
770000K6870A,,,20:35,潮州,20:40,5分钟,22,True
770000K6870A,,,21:30,汕头,21:30,----,23,True
630000K20209,K202,1,----,广州,15:56,----,01,True
630000K20209,,,18:17,韶关东,18:23,6分钟,02,True
630000K20209,,,20:07,郴州,20:16,9分钟,03,True
630000K20209,,,22:01,衡阳,22:05,4分钟,04,True
630000K20209,,,23:29,株洲,23:35,6分钟,05,True
630000K20209,,,05:29,怀化,05:49,20分钟,07,True
630000K20209,,,07:26,铜仁,07:34,8分钟,08,True
630000K20209,,,09:41,秀山,09:47,6分钟,09,True
630000K20209,,,11:27,黔江,11:35,8分钟,11,True
630000K20209,,,13:17,武隆,13:27,10分钟,12,True
630000K20209,,,14:26,涪陵,14:32,6分钟,13,True
630000K20209,,,15:52,重庆北,15:52,----,14,True
7600000Z5003,Z50,2,----,成都,11:43,----,01,True
7600000Z5003,,,13:00,遂宁,13:04,4分钟,02,True
7600000Z5003,,,14:03,合川,14:05,2分钟,03,True
7600000Z5003,,,14:36,重庆北,14:44,8分钟,04,True
7600000Z5003,,,17:31,恩施,17:40,9分钟,05,True
7600000Z5003,,,19:37,宜昌东,19:43,6分钟,06,True
7600000Z5003,,,23:01,汉口,23:33,32分钟,07,True
7600000Z5003,,,03:52,郑州,03:58,6分钟,08,True
7600000Z5003,,,07:17,石家庄,07:23,6分钟,09,True
7600000Z5003,,,08:33,保定,08:39,6分钟,10,True
7600000Z5003,,,10:02,北京西,10:02,----,11,True
690000K83609,K836,1,----,深圳西,10:10,----,01,True
690000K83609,,,11:25,东莞,11:28,3分钟,03,True
690000K83609,,,12:20,广州,12:35,15分钟,04,True
690000K83609,,,12:59,佛山,13:05,6分钟,05,True
690000K83609,,,14:25,肇庆,14:31,6分钟,06,True
690000K83609,,,18:18,茂名,18:33,15分钟,07,True
690000K83609,,,18:46,茂名西,18:52,6分钟,08,True
690000K83609,,,20:12,文地,20:15,3分钟,10,True
690000K83609,,,21:15,玉林,21:27,12分钟,11,True
690000K83609,,,00:50,柳州,00:57,7分钟,13,True
690000K83609,,,06:25,通道,06:30,5分钟,14,True
690000K83609,,,06:58,靖州,07:02,4分钟,15,True
690000K83609,,,09:15,怀化,09:35,20分钟,16,True
690000K83609,,,10:37,铜仁,10:43,6分钟,17,True
690000K83609,,,11:40,松桃,11:45,5分钟,18,True
690000K83609,,,12:28,秀山,12:35,7分钟,19,True
690000K83609,,,13:17,酉阳,13:23,6分钟,20,True
690000K83609,,,14:30,黔江,14:38,8分钟,21,True
690000K83609,,,15:22,彭水,15:26,4分钟,22,True
690000K83609,,,16:53,涪陵,17:04,11分钟,23,True
690000K83609,,,18:15,重庆北,18:15,----,24,True
240000D90900,D909,1,----,北京西,20:20,----,01,True
240000D90900,,,21:42,石家庄,21:45,3分钟,02,True
240000D90900,,,22:15,邢台东,22:17,2分钟,03,True
240000D90900,,,23:32,郑州东,23:37,5分钟,04,True
240000D90900,,,06:38,广州南,06:43,5分钟,05,True
240000D90900,,,07:16,深圳北,07:16,----,06,True
24000000T90Q,T9,1,----,北京西,15:05,----,01,True
24000000T90Q,,,17:40,石家庄,17:46,6分钟,02,True
24000000T90Q,,,18:40,邢台,18:43,3分钟,03,True
24000000T90Q,,,19:18,邯郸,19:21,3分钟,04,True
24000000T90Q,,,20:02,安阳,20:41,39分钟,05,True
24000000T90Q,,,21:37,新乡,21:39,2分钟,06,True
24000000T90Q,,,22:29,郑州,22:55,26分钟,07,True
24000000T90Q,,,05:02,襄阳,05:17,15分钟,08,True
24000000T90Q,,,07:05,十堰,07:09,4分钟,09,True
24000000T90Q,,,09:18,安康,09:26,8分钟,10,True
24000000T90Q,,,11:17,万源,11:20,3分钟,11,True
24000000T90Q,,,13:04,达州,13:17,13分钟,12,True
24000000T90Q,,,14:04,渠县,14:10,6分钟,13,True
24000000T90Q,,,16:19,重庆北,16:19,----,14,True
650000K48605,K486,1,----,深圳,15:38,----,01,True
650000K48605,,,17:28,广州,17:48,20分钟,02,True
650000K48605,,,20:07,韶关东,20:13,6分钟,03,True
650000K48605,,,21:54,郴州,22:09,15分钟,05,True
650000K48605,,,23:50,衡阳,23:52,2分钟,06,True
650000K48605,,,01:19,株洲,01:28,9分钟,07,True
650000K48605,,,01:53,湘潭,01:57,4分钟,08,True
650000K48605,,,03:04,娄底,03:10,6分钟,09,True
650000K48605,,,05:46,溆浦,05:49,3分钟,10,True
650000K48605,,,07:14,怀化,07:32,18分钟,11,True
650000K48605,,,09:27,玉屏,09:31,4分钟,12,True
650000K48605,,,11:32,凯里,11:38,6分钟,13,True
650000K48605,,,12:58,贵定,13:03,5分钟,14,True
650000K48605,,,14:14,贵阳,14:40,26分钟,15,True
650000K48605,,,18:49,遵义,19:02,13分钟,16,True
650000K48605,,,22:45,赶水,22:48,3分钟,17,True
650000K48605,,,00:02,綦江,00:10,8分钟,18,True
650000K48605,,,01:48,重庆,02:26,38分钟,19,True
650000K48605,,,07:10,成都东,07:10,----,21,True
770000K77507,K775,2,----,重庆北,15:55,----,01,True
770000K77507,,,17:05,涪陵,17:13,8分钟,02,True
770000K77507,,,18:11,武隆,18:16,5分钟,03,True
770000K77507,,,18:49,彭水,18:55,6分钟,04,True
770000K77507,,,19:50,黔江,19:56,6分钟,05,True
770000K77507,,,21:42,秀山,21:48,6分钟,06,True
770000K77507,,,22:55,铜仁,23:01,6分钟,07,True
770000K77507,,,00:11,怀化,00:26,15分钟,08,True
770000K77507,,,06:19,株洲,06:25,6分钟,09,True
770000K77507,,,07:50,衡阳,07:53,3分钟,10,True
770000K77507,,,09:44,郴州,09:47,3分钟,11,True
770000K77507,,,10:30,坪石,10:32,2分钟,12,True
770000K77507,,,11:32,韶关东,11:38,6分钟,13,True
770000K77507,,,12:32,英德,12:34,2分钟,14,True
770000K77507,,,14:22,广州,14:22,----,15,True
240000K50722,K507,1,----,北京西,21:23,----,01,True
240000K50722,,,22:23,高碑店,22:25,2分钟,02,True
240000K50722,,,23:03,保定,23:07,4分钟,03,True
240000K50722,,,00:32,石家庄,00:42,10分钟,04,True
240000K50722,,,01:45,邢台,01:59,14分钟,05,True
240000K50722,,,02:37,邯郸,02:45,8分钟,06,True
240000K50722,,,04:33,新乡,04:39,6分钟,07,True
240000K50722,,,05:40,郑州,05:57,17分钟,08,True
240000K50722,,,06:53,巩义,06:56,3分钟,09,True
240000K50722,,,07:15,偃师,07:17,2分钟,10,True
240000K50722,,,07:43,关林,07:46,3分钟,11,True
240000K50722,,,08:47,汝州,08:50,3分钟,12,True
240000K50722,,,09:24,平顶山西,09:27,3分钟,13,True
240000K50722,,,10:18,南召,10:20,2分钟,14,True
240000K50722,,,11:02,南阳,11:05,3分钟,15,True
240000K50722,,,11:50,邓州,11:52,2分钟,16,True
240000K50722,,,12:52,襄阳,13:15,23分钟,17,True
240000K50722,,,14:54,武当山,15:03,9分钟,18,True
240000K50722,,,15:22,十堰,15:28,6分钟,19,True
240000K50722,,,16:27,白河东,16:29,2分钟,20,True
240000K50722,,,18:00,安康,18:08,8分钟,21,True
240000K50722,,,19:59,万源,20:01,2分钟,22,True
240000K50722,,,20:57,宣汉,21:01,4分钟,23,True
240000K50722,,,21:45,达州,21:53,8分钟,24,True
240000K50722,,,22:40,渠县,22:46,6分钟,25,True
240000K50722,,,23:16,广安,23:21,5分钟,26,True
240000K50722,,,02:14,重庆,02:53,39分钟,27,True
240000K50722,,,07:59,桐梓,08:04,5分钟,28,True
240000K50722,,,09:29,遵义,09:37,8分钟,29,True
240000K50722,,,12:40,贵阳,12:40,----,30,True
6c000G131602,G1316,1,----,广州南,06:53,----,01,True
6c000G131602,,,07:44,韶关,07:46,2分钟,02,True
6c000G131602,,,08:45,衡阳东,08:47,2分钟,03,True
6c000G131602,,,09:14,株洲西,09:16,2分钟,04,True
6c000G131602,,,09:35,长沙南,09:39,4分钟,05,True
6c000G131602,,,10:13,岳阳东,10:15,2分钟,06,True
6c000G131602,,,10:45,咸宁北,10:47,2分钟,07,True
6c000G131602,,,11:12,武汉,11:16,4分钟,08,True
6c000G131602,,,11:35,汉口,11:46,11分钟,09,True
6c000G131602,,,12:36,潜江,12:38,2分钟,10,True
6c000G131602,,,13:05,荆州,13:07,2分钟,11,True
6c000G131602,,,13:40,宜昌东,13:46,6分钟,12,True
6c000G131602,,,15:13,建始,15:15,2分钟,13,True
6c000G131602,,,15:38,恩施,15:43,5分钟,14,True
6c000G131602,,,16:17,利川,16:19,2分钟,15,True
6c000G131602,,,16:58,石柱县,17:00,2分钟,16,True
6c000G131602,,,17:20,丰都,17:22,2分钟,17,True
6c000G131602,,,17:41,涪陵北,17:43,2分钟,18,True
6c000G131602,,,18:20,重庆北,18:28,8分钟,19,True
6c000G131602,,,18:53,合川,18:55,2分钟,20,True
6c000G131602,,,19:20,潼南,19:22,2分钟,21,True
6c000G131602,,,19:56,大英东,19:58,2分钟,22,True
6c000G131602,,,20:45,成都东,20:45,----,23,True
240000D90305,D903,1,----,北京西,20:15,----,01,True
240000D90305,,,21:37,石家庄,21:40,3分钟,02,True
240000D90305,,,22:23,邯郸东,22:25,2分钟,03,True
240000D90305,,,23:27,郑州东,23:32,5分钟,04,True
240000D90305,,,06:33,广州南,06:38,5分钟,05,True
240000D90305,,,07:11,深圳北,07:11,----,06,True
660000K8140E,K814,1,----,肇庆,11:19,----,01,True
660000K8140E,,,12:59,佛山,13:03,4分钟,02,True
660000K8140E,,,13:50,广州,14:08,18分钟,03,True
660000K8140E,,,14:30,广州北,14:32,2分钟,04,True
660000K8140E,,,16:32,韶关东,16:38,6分钟,05,True
660000K8140E,,,18:17,郴州,18:23,6分钟,07,True
660000K8140E,,,20:08,衡阳,20:14,6分钟,08,True
660000K8140E,,,21:39,株洲,21:45,6分钟,09,True
660000K8140E,,,22:15,湘潭,22:19,4分钟,10,True
660000K8140E,,,23:26,娄底,23:32,6分钟,11,True
660000K8140E,,,00:44,新化,00:48,4分钟,12,True
660000K8140E,,,03:45,怀化,04:05,20分钟,13,True
660000K8140E,,,05:20,铜仁,05:26,6分钟,14,True
660000K8140E,,,07:07,秀山,07:13,6分钟,15,True
660000K8140E,,,07:47,酉阳,07:52,5分钟,16,True
660000K8140E,,,08:47,黔江,08:53,6分钟,17,True
660000K8140E,,,09:37,彭水,09:42,5分钟,18,True
660000K8140E,,,10:29,武隆,10:34,5分钟,19,True
660000K8140E,,,11:18,涪陵,11:26,8分钟,20,True
660000K8140E,,,11:59,长寿,12:05,6分钟,21,True
660000K8140E,,,12:50,重庆北,13:21,31分钟,22,True
660000K8140E,,,14:26,华蓥,14:32,6分钟,23,True
660000K8140E,,,14:47,广安,14:56,9分钟,24,True
660000K8140E,,,15:24,渠县,15:35,11分钟,25,True
660000K8140E,,,16:30,达州,16:30,----,26,True
770000K82009,K820,2,----,重庆北,21:40,----,01,True
770000K82009,,,22:57,广安,23:11,14分钟,02,True
770000K82009,,,00:21,达州,00:29,8分钟,03,True
770000K82009,,,03:23,安康,03:42,19分钟,04,True
770000K82009,,,07:05,渭南,07:08,3分钟,05,True
770000K82009,,,08:01,华山,08:05,4分钟,06,True
770000K82009,,,09:59,三门峡,10:02,3分钟,07,True
770000K82009,,,11:01,义马,11:03,2分钟,08,True
770000K82009,,,11:48,洛阳,11:51,3分钟,09,True
770000K82009,,,13:32,郑州,13:51,19分钟,10,True
770000K82009,,,16:54,邢台,17:00,6分钟,11,True
770000K82009,,,18:11,石家庄,18:17,6分钟,12,True
770000K82009,,,19:37,保定,19:41,4分钟,13,True
770000K82009,,,21:23,北京西,21:23,----,14,True
760000G30805,G308,2,----,成都东,07:18,----,01,True
760000G30805,,,08:04,大英东,08:06,2分钟,02,True
760000G30805,,,08:46,潼南,08:48,2分钟,03,True
760000G30805,,,09:13,合川,09:15,2分钟,04,True
760000G30805,,,09:40,重庆北,09:46,6分钟,05,True
760000G30805,,,10:23,涪陵北,10:25,2分钟,06,True
760000G30805,,,11:33,利川,11:36,3分钟,07,True
760000G30805,,,12:08,恩施,12:14,6分钟,08,True
760000G30805,,,13:58,宜昌东,14:05,7分钟,09,True
760000G30805,,,14:38,荆州,14:40,2分钟,10,True
760000G30805,,,15:22,天门南,15:24,2分钟,11,True
760000G30805,,,16:03,汉口,16:15,12分钟,12,True
760000G30805,,,17:40,漯河西,17:42,2分钟,13,True
760000G30805,,,18:24,郑州东,18:30,6分钟,14,True
760000G30805,,,19:01,鹤壁东,19:03,2分钟,15,True
760000G30805,,,19:18,安阳东,19:20,2分钟,16,True
760000G30805,,,19:48,邢台东,19:50,2分钟,17,True
760000G30805,,,20:18,石家庄,20:21,3分钟,18,True
760000G30805,,,20:57,保定东,21:00,3分钟,19,True
760000G30805,,,21:41,北京西,21:41,----,20,True
26000K775201,K7752,1,----,石家庄,20:05,----,01,True
26000K775201,,,20:52,定州,21:09,17分钟,02,True
26000K775201,,,21:46,保定,21:52,6分钟,03,True
26000K775201,,,22:29,高碑店,22:31,2分钟,04,True
26000K775201,,,23:40,北京西,23:51,11分钟,05,True
26000K775201,,,00:06,北京,00:26,20分钟,06,True
26000K775201,,,04:09,鹰手营子,04:15,6分钟,07,True
26000K775201,,,05:56,上板城,06:15,19分钟,08,True
26000K775201,,,06:57,承德,06:57,----,09,True
24000000Z320,Z3,1,----,北京西,17:48,----,01,True
24000000Z320,,,20:12,石家庄,20:18,6分钟,02,True
24000000Z320,,,04:06,汉口,04:36,30分钟,03,True
24000000Z320,,,06:05,荆州,06:08,3分钟,04,True
24000000Z320,,,06:51,宜昌东,07:00,9分钟,05,True
24000000Z320,,,08:58,恩施,09:04,6分钟,06,True
24000000Z320,,,12:12,重庆北,12:12,----,07,True
6e0000D92404,D924,1,----,珠海,19:09,----,01,True
6e0000D92404,,,20:05,广州南,20:10,5分钟,02,True
6e0000D92404,,,22:57,长沙南,23:03,6分钟,03,True
6e0000D92404,,,05:20,石家庄,05:23,3分钟,04,True
6e0000D92404,,,06:22,涿州东,06:24,2分钟,05,True
6e0000D92404,,,06:51,北京西,06:51,----,06,True
240000K8190H,K819,1,----,北京西,07:12,----,01,True
240000K8190H,,,07:56,涿州,07:58,2分钟,02,True
240000K8190H,,,08:12,高碑店,08:14,2分钟,03,True
240000K8190H,,,08:52,保定,08:56,4分钟,04,True
240000K8190H,,,09:33,定州,09:35,2分钟,05,True
240000K8190H,,,10:29,石家庄,10:35,6分钟,06,True
240000K8190H,,,11:38,邢台,11:40,2分钟,07,True
240000K8190H,,,13:06,安阳,13:08,2分钟,08,True
240000K8190H,,,13:25,汤阴,13:27,2分钟,09,True
240000K8190H,,,13:42,鹤壁,13:51,9分钟,10,True
240000K8190H,,,15:27,郑州,15:43,16分钟,11,True
240000K8190H,,,17:17,洛阳,17:23,6分钟,12,True
240000K8190H,,,18:16,渑池,18:19,3分钟,13,True
240000K8190H,,,19:11,三门峡,19:14,3分钟,14,True
240000K8190H,,,21:45,渭南,21:47,2分钟,15,True
240000K8190H,,,01:58,安康,02:12,14分钟,16,True
240000K8190H,,,04:15,万源,04:17,2分钟,17,True
240000K8190H,,,06:11,达州,06:20,9分钟,18,True
240000K8190H,,,07:07,渠县,07:18,11分钟,19,True
240000K8190H,,,07:48,广安,07:59,11分钟,20,True
240000K8190H,,,09:17,重庆北,09:17,----,21,True
630000K3560A,K356,1,----,广州,09:24,----,01,True
630000K3560A,,,11:42,韶关东,11:47,5分钟,02,True
630000K3560A,,,13:26,郴州,13:29,3分钟,03,True
630000K3560A,,,15:14,衡阳,15:18,4分钟,04,True
630000K3560A,,,16:48,株洲,16:53,5分钟,05,True
630000K3560A,,,17:32,长沙,17:41,9分钟,06,True
630000K3560A,,,19:17,岳阳,19:20,3分钟,07,True
630000K3560A,,,20:39,赤壁,20:49,10分钟,08,True
630000K3560A,,,21:16,咸宁,21:26,10分钟,09,True
630000K3560A,,,22:21,武昌,22:41,20分钟,10,True
630000K3560A,,,01:48,荆门,01:50,2分钟,13,True
630000K3560A,,,04:37,宜昌东,04:57,20分钟,14,True
630000K3560A,,,07:21,恩施,07:31,10分钟,16,True
630000K3560A,,,08:15,利川,08:19,4分钟,17,True
630000K3560A,,,09:35,万州,09:41,6分钟,18,True
630000K3560A,,,10:47,梁平,10:53,6分钟,19,True
630000K3560A,,,11:18,开江,11:21,3分钟,20,True
630000K3560A,,,12:19,达州,12:30,11分钟,21,True
630000K3560A,,,13:17,渠县,13:25,8分钟,22,True
630000K3560A,,,13:55,广安,14:02,7分钟,23,True
630000K3560A,,,15:26,重庆北,15:26,----,24,True
6500000Z9801,Z98,2,----,九龙,15:15,----,01,True
6500000Z9801,,,17:16,广州东,18:06,50分钟,02,True
6500000Z9801,,,01:29,长沙,01:35,6分钟,03,True
6500000Z9801,,,04:56,武昌,05:02,6分钟,04,True
6500000Z9801,,,09:37,郑州,09:44,7分钟,05,True
6500000Z9801,,,15:30,北京西,15:30,----,06,True
240000G30707,G307,1,----,北京西,08:30,----,01,True
240000G30707,,,09:11,保定东,09:17,6分钟,02,True
240000G30707,,,09:53,石家庄,09:55,2分钟,03,True
240000G30707,,,10:34,邯郸东,10:46,12分钟,04,True
240000G30707,,,11:03,安阳东,11:05,2分钟,05,True
240000G30707,,,11:20,鹤壁东,11:22,2分钟,06,True
240000G30707,,,11:54,郑州东,11:57,3分钟,07,True
240000G30707,,,13:49,汉口,13:55,6分钟,08,True
240000G30707,,,14:29,天门南,14:31,2分钟,09,True
240000G30707,,,14:45,仙桃西,14:47,2分钟,10,True
240000G30707,,,15:20,荆州,15:22,2分钟,11,True
240000G30707,,,15:55,宜昌东,16:01,6分钟,12,True
240000G30707,,,17:28,建始,17:30,2分钟,13,True
240000G30707,,,17:53,恩施,17:59,6分钟,14,True
240000G30707,,,18:33,利川,18:35,2分钟,15,True
240000G30707,,,19:14,石柱县,19:16,2分钟,16,True
240000G30707,,,20:24,重庆北,20:31,7分钟,17,True
240000G30707,,,20:56,合川,20:58,2分钟,18,True
240000G30707,,,22:36,成都东,22:36,----,19,True
2400000Z9702,Z97,1,----,北京西,12:40,----,01,True
2400000Z9702,,,18:25,郑州,18:31,6分钟,02,True
2400000Z9702,,,23:05,武昌,23:11,6分钟,03,True
2400000Z9702,,,02:26,长沙,02:32,6分钟,04,True
2400000Z9702,,,10:01,广州东,10:01,----,05,True
330000K5980R,K598,1,----,包头,17:28,----,01,True
330000K5980R,,,17:43,包头东,17:47,4分钟,02,True
330000K5980R,,,19:16,呼和浩特,19:24,8分钟,03,True
330000K5980R,,,19:34,呼和浩特东,19:40,6分钟,04,True
330000K5980R,,,21:02,集宁南,21:10,8分钟,05,True
330000K5980R,,,22:52,大同,23:04,12分钟,06,True
330000K5980R,,,01:28,张家口南,01:36,8分钟,07,True
330000K5980R,,,02:39,沙城,02:41,2分钟,08,True
330000K5980R,,,04:54,北京西,05:14,20分钟,09,True
330000K5980R,,,06:09,高碑店,06:11,2分钟,10,True
330000K5980R,,,06:49,保定,07:01,12分钟,11,True
330000K5980R,,,07:38,定州,07:40,2分钟,12,True
330000K5980R,,,08:32,石家庄,08:43,11分钟,13,True
330000K5980R,,,09:20,临城,09:22,2分钟,14,True
330000K5980R,,,10:28,邯郸,10:34,6分钟,16,True
330000K5980R,,,10:54,磁县,10:58,4分钟,17,True
330000K5980R,,,11:26,安阳,11:30,4分钟,18,True
330000K5980R,,,11:47,汤阴,11:50,3分钟,19,True
330000K5980R,,,12:05,鹤壁,12:08,3分钟,20,True
330000K5980R,,,12:33,卫辉,12:43,10分钟,21,True
330000K5980R,,,13:00,新乡,13:03,3分钟,22,True
330000K5980R,,,14:04,郑州,14:14,10分钟,23,True
330000K5980R,,,15:09,许昌,15:12,3分钟,24,True
330000K5980R,,,15:50,漯河,15:54,4分钟,25,True
330000K5980R,,,16:33,驻马店,16:37,4分钟,26,True
330000K5980R,,,17:49,信阳,17:53,4分钟,27,True
330000K5980R,,,18:40,广水,18:43,3分钟,28,True
330000K5980R,,,19:38,孝感,19:42,4分钟,29,True
330000K5980R,,,21:30,武昌,22:10,40分钟,30,True
330000K5980R,,,01:02,岳阳,01:11,9分钟,31,True
330000K5980R,,,02:38,长沙,02:45,7分钟,32,True
330000K5980R,,,04:47,衡阳,04:50,3分钟,33,True
330000K5980R,,,06:31,郴州,06:34,3分钟,34,True
330000K5980R,,,08:23,韶关东,08:29,6分钟,35,True
330000K5980R,,,11:12,广州,11:12,----,36,True
240000D9010F,D901,1,----,北京西,20:10,----,01,True
240000D9010F,,,21:32,石家庄,21:35,3分钟,02,True
240000D9010F,,,22:34,安阳东,22:36,2分钟,03,True
240000D9010F,,,06:28,广州南,06:33,5分钟,04,True
240000D9010F,,,07:06,深圳北,07:06,----,05,True
2400000Z3501,Z35,1,----,北京西,11:49,----,01,True
2400000Z3501,,,17:33,郑州,17:42,9分钟,02,True
2400000Z3501,,,22:18,武昌,22:24,6分钟,03,True
2400000Z3501,,,01:40,长沙,01:46,6分钟,04,True
2400000Z3501,,,09:10,广州,09:10,----,05,True
6i00000G720C,G72,2,----,深圳北,07:53,----,01,True
6i00000G720C,,,08:22,广州南,08:27,5分钟,02,True
6i00000G720C,,,09:46,郴州西,09:48,2分钟,03,True
6i00000G720C,,,10:21,衡阳东,10:23,2分钟,04,True
6i00000G720C,,,11:04,长沙南,11:07,3分钟,05,True
6i00000G720C,,,11:41,岳阳东,11:43,2分钟,06,True
6i00000G720C,,,12:33,武汉,12:46,13分钟,07,True
6i00000G720C,,,13:49,驻马店西,13:51,2分钟,08,True
6i00000G720C,,,14:10,漯河西,14:20,10分钟,09,True
6i00000G720C,,,14:56,郑州东,14:59,3分钟,10,True
6i00000G720C,,,15:40,安阳东,15:43,3分钟,11,True
6i00000G720C,,,16:11,邢台东,16:30,19分钟,12,True
6i00000G720C,,,16:58,石家庄,17:03,5分钟,13,True
6i00000G720C,,,17:38,保定东,17:40,2分钟,14,True
6i00000G720C,,,18:21,北京西,18:21,----,15,True
770000K20104,K201,2,----,重庆北,12:20,----,01,True
770000K20104,,,13:30,涪陵,13:36,6分钟,02,True
770000K20104,,,14:33,武隆,14:44,11分钟,03,True
770000K20104,,,16:24,黔江,16:33,9分钟,04,True
770000K20104,,,17:34,酉阳,17:43,9分钟,05,True
770000K20104,,,18:14,秀山,18:20,6分钟,06,True
770000K20104,,,19:27,铜仁,19:33,6分钟,07,True
770000K20104,,,20:34,怀化,20:50,16分钟,08,True
770000K20104,,,02:33,株洲,02:39,6分钟,09,True
770000K20104,,,04:04,衡阳,04:08,4分钟,10,True
770000K20104,,,05:49,郴州,05:52,3分钟,11,True
770000K20104,,,07:49,韶关东,07:55,6分钟,12,True
770000K20104,,,10:36,广州,10:36,----,13,True
2400000G710A,G71,1,----,北京西,07:40,----,01,True
2400000G710A,,,08:10,高碑店东,08:12,2分钟,02,True
2400000G710A,,,08:28,保定东,08:30,2分钟,03,True
2400000G710A,,,09:06,石家庄,09:09,3分钟,04,True
2400000G710A,,,09:37,邢台东,09:39,2分钟,05,True
2400000G710A,,,09:55,邯郸东,09:57,2分钟,06,True
2400000G710A,,,10:24,鹤壁东,10:26,2分钟,07,True
2400000G710A,,,10:58,郑州东,11:06,8分钟,08,True
2400000G710A,,,11:52,驻马店西,11:54,2分钟,09,True
2400000G710A,,,12:32,孝感北,12:34,2分钟,10,True
2400000G710A,,,13:05,武汉,13:08,3分钟,11,True
2400000G710A,,,14:27,长沙南,14:30,3分钟,12,True
2400000G710A,,,15:07,衡阳东,15:09,2分钟,13,True
2400000G710A,,,15:26,耒阳西,15:28,2分钟,14,True
2400000G710A,,,16:15,韶关,16:17,2分钟,15,True
2400000G710A,,,17:14,广州南,17:17,3分钟,16,True
2400000G710A,,,17:34,虎门,17:36,2分钟,17,True
2400000G710A,,,17:53,深圳北,17:53,----,18,True
760000K19402,K194,2,----,成都,09:05,----,01,True
760000K19402,,,12:53,合川,12:57,4分钟,02,True
760000K19402,,,13:54,重庆北,14:18,24分钟,03,True
760000K19402,,,15:28,涪陵,15:36,8分钟,04,True
760000K19402,,,16:31,武隆,16:36,5分钟,05,True
760000K19402,,,19:39,酉阳,19:48,9分钟,06,True
760000K19402,,,20:19,秀山,20:25,6分钟,07,True
760000K19402,,,21:32,铜仁,21:38,6分钟,08,True
760000K19402,,,22:50,怀化,23:06,16分钟,09,True
760000K19402,,,02:58,娄底,03:06,8分钟,10,True
760000K19402,,,04:14,湘潭,04:20,6分钟,11,True
760000K19402,,,05:04,株洲,05:10,6分钟,12,True
760000K19402,,,06:39,衡阳,06:48,9分钟,13,True
760000K19402,,,08:29,郴州,08:34,5分钟,14,True
760000K19402,,,10:13,韶关东,10:19,6分钟,15,True
760000K19402,,,13:30,广州,13:30,----,16,True
760000K4880C,K488,2,----,成都东,14:00,----,01,True
760000K4880C,,,15:53,潼南,16:02,9分钟,02,True
760000K4880C,,,16:53,北碚,17:01,8分钟,03,True
760000K4880C,,,18:47,重庆,19:29,42分钟,04,True
760000K4880C,,,21:05,綦江,21:08,3分钟,05,True
760000K4880C,,,22:22,赶水,22:25,3分钟,06,True
760000K4880C,,,00:35,桐梓,00:44,9分钟,07,True
760000K4880C,,,02:24,遵义,02:31,7分钟,08,True
760000K4880C,,,05:42,贵阳,06:13,31分钟,09,True
760000K4880C,,,07:13,贵定,07:18,5分钟,10,True
760000K4880C,,,08:43,凯里,08:48,5分钟,11,True
760000K4880C,,,09:29,施秉,09:33,4分钟,12,True
760000K4880C,,,10:09,镇远,10:15,6分钟,13,True
760000K4880C,,,11:14,玉屏,11:22,8分钟,14,True
760000K4880C,,,12:57,怀化,13:12,15分钟,15,True
760000K4880C,,,14:27,溆浦,14:30,3分钟,16,True
760000K4880C,,,16:05,新化,16:10,5分钟,17,True
760000K4880C,,,17:36,娄底,17:42,6分钟,18,True
760000K4880C,,,18:57,湘潭,19:03,6分钟,19,True
760000K4880C,,,19:54,株洲,20:06,12分钟,20,True
760000K4880C,,,21:37,衡阳,21:51,14分钟,21,True
760000K4880C,,,23:32,郴州,23:35,3分钟,22,True
760000K4880C,,,01:14,韶关东,01:20,6分钟,23,True
760000K4880C,,,03:45,广州,04:05,20分钟,24,True
760000K4880C,,,05:48,深圳,05:48,----,25,True
7700000Z9601,Z96,2,----,重庆北,12:04,----,01,True
7700000Z9601,,,13:10,广安,13:16,6分钟,02,True
7700000Z9601,,,14:13,达州,14:23,10分钟,03,True
7700000Z9601,,,15:45,梁平,15:49,4分钟,04,True
7700000Z9601,,,16:55,万州,17:03,8分钟,05,True
7700000Z9601,,,18:41,恩施,18:50,9分钟,06,True
7700000Z9601,,,20:49,宜昌东,20:59,10分钟,07,True
7700000Z9601,,,23:30,汉口,23:50,20分钟,08,True
7700000Z9601,,,04:10,郑州,04:16,6分钟,09,True
7700000Z9601,,,05:49,安阳,05:52,3分钟,10,True
7700000Z9601,,,06:50,邢台,06:54,4分钟,11,True
7700000Z9601,,,07:58,石家庄,08:04,6分钟,12,True
7700000Z9601,,,09:14,保定,09:20,6分钟,13,True
7700000Z9601,,,10:51,北京西,10:51,----,14,True
2400000G790B,G79,1,----,北京西,10:00,----,01,True
2400000G790B,,,11:07,石家庄,11:09,2分钟,02,True
2400000G790B,,,12:30,郑州东,12:33,3分钟,03,True
2400000G790B,,,14:17,武汉,14:20,3分钟,04,True
2400000G790B,,,15:38,长沙南,15:41,3分钟,05,True
2400000G790B,,,18:03,广州南,18:06,3分钟,06,True
2400000G790B,,,18:35,深圳北,18:35,----,07,True
770000G31005,G310,2,----,重庆北,08:17,----,01,True
770000G31005,,,08:46,长寿北,08:48,2分钟,02,True
770000G31005,,,09:15,丰都,09:17,2分钟,03,True
770000G31005,,,09:37,石柱县,09:39,2分钟,04,True
770000G31005,,,10:44,恩施,10:48,4分钟,05,True
770000G31005,,,11:10,建始,11:12,2分钟,06,True
770000G31005,,,12:39,宜昌东,12:43,4分钟,07,True
770000G31005,,,13:15,荆州,13:17,2分钟,08,True
770000G31005,,,13:43,潜江,13:46,3分钟,09,True
770000G31005,,,14:06,天门南,14:09,3分钟,10,True
770000G31005,,,14:25,汉川,14:27,2分钟,11,True
770000G31005,,,14:53,汉口,15:09,16分钟,12,True
770000G31005,,,16:00,信阳东,16:02,2分钟,13,True
770000G31005,,,17:12,郑州东,17:15,3分钟,14,True
770000G31005,,,17:56,安阳东,17:58,2分钟,15,True
770000G31005,,,18:26,邢台东,18:28,2分钟,16,True
770000G31005,,,18:56,石家庄,18:59,3分钟,17,True
770000G31005,,,19:51,涿州东,19:55,4分钟,18,True
770000G31005,,,20:20,北京西,20:20,----,19,True
